Timestamp;Participant;Condition;Trial;WalkTimeSeconds;Aesthetic;EasyToFollow;R;G;B;Opacity;Size;Height
2026-09-29 16:05:49;P01_Usman;FCG;1;7.896;9;3;0.431;0.814;0.806;0.053;0.298;0.840
2026-09-29 16:06:05;P01_Usman;FCG;2;3.667;5;7;0.912;0.173;0.252;0.693;0.888;0.370
2026-09-29 16:06:34;P01_Usman;FCG;3;3.055;9;3;0.514;0.529;0.696;0.395;0.658;0.020
2026-09-29 16:06:44;P01_Usman;FCG;4;3.053;5;5;0.018;0.482;0.238;0.852;0.029;0.549
2026-09-29 16:07:00;P01_Usman;FCG;5;3.264;7;8;0.141;0.672;0.393;0.894;0.225;0.960
2026-09-29 16:07:22;P01_Usman;FCG;6;3.153;4;7;0.640;0.343;0.916;0.344;0.588;0.486
2026-09-29 16:07:37;P01_Usman;FCG;7;3.546;2;10;0.786;0.988;0.097;0.548;0.865;0.155
2026-09-29 16:07:48;P01_Usman;FCG;8;3.268;8;2;0.308;0.003;0.587;0.189;0.448;0.681
2026-09-29 16:07:59;P01_Usman;FCG;9;3.186;9;3;0.318;0.600;0.042;0.253;0.965;0.587
2026-09-29 16:08:12;P01_Usman;FCG;10;3.370;4;7;0.839;0.397;0.517;0.985;0.345;0.123
2026-09-29 16:08:24;P01_Usman;FCG;11;3.121;10;4;0.736;0.807;0.464;0.158;0.075;0.266
2026-09-29 16:08:38;P01_Usman;FCG;12;3.570;2;8;0.233;0.198;0.969;0.580;0.735;0.803
2026-09-29 16:08:49;P01_Usman;FCG;13;3.339;3;7;0.106;0.883;0.626;0.663;0.511;0.707
2026-09-29 16:09:01;P01_Usman;FCG;14;2.959;10;1;0.612;0.118;0.183;0.084;0.179;0.240
2026-09-29 16:09:25;P01_Usman;FCG;15;3.193;3;7;0.816;0.785;0.835;0.450;0.969;0.000
2026-09-29 16:09:47;P01_Usman;FCG;16;3.144;3;7;0.291;0.482;0.882;0.960;0.751;1.000
2026-09-29 16:10:00;P01_Usman;FCG;17;3.618;8;8;0.744;1.000;0.000;0.506;0.000;0.310
2026-09-29 16:10:34;P01_Usman;FCG;18;3.303;10;5;0.282;0.519;0.625;0.707;0.000;0.996
2026-09-29 16:10:57;P01_Usman;FCG;19;3.280;8;7;0.693;1.000;1.000;0.540;0.000;0.461
2026-09-29 16:11:47;P02_Usman;FCG;1;3.076;8;3;0.431;0.814;0.806;0.053;0.298;0.840
2026-09-29 16:12:11;P02_Usman;FCG;2;2.901;7;6;0.912;0.173;0.252;0.693;0.888;0.370
2026-09-29 16:12:22;P02_Usman;FCG;3;3.321;9;2;0.514;0.529;0.696;0.395;0.658;0.020
2026-09-29 16:12:33;P02_Usman;FCG;4;3.404;7;1;0.018;0.482;0.238;0.852;0.029;0.549
2026-09-29 16:12:42;P02_Usman;FCG;5;3.216;4;8;0.141;0.672;0.393;0.894;0.225;0.960
2026-09-29 16:12:50;P02_Usman;FCG;6;3.259;5;7;0.640;0.343;0.916;0.344;0.588;0.486
2026-09-29 16:13:02;P02_Usman;FCG;7;3.421;2;10;0.786;0.988;0.097;0.548;0.865;0.155
2026-09-29 16:13:14;P02_Usman;FCG;8;3.181;8;5;0.308;0.003;0.587;0.189;0.448;0.681
2026-09-29 16:13:26;P02_Usman;FCG;9;3.354;7;2;0.318;0.600;0.042;0.253;0.965;0.587
2026-09-29 16:13:35;P02_Usman;FCG;10;3.314;6;6;0.839;0.397;0.517;0.985;0.345;0.123
2026-09-29 16:13:47;P02_Usman;FCG;11;3.252;6;5;0.736;0.807;0.464;0.158;0.075;0.266
2026-09-29 16:14:00;P02_Usman;FCG;12;3.515;2;10;0.233;0.198;0.969;0.580;0.735;0.803
2026-09-29 16:14:09;P02_Usman;FCG;13;3.093;3;10;0.106;0.883;0.626;0.663;0.511;0.707
2026-09-29 16:14:20;P02_Usman;FCG;14;3.579;10;1;0.612;0.118;0.183;0.084;0.179;0.240
2026-09-29 16:14:38;P02_Usman;FCG;15;3.120;5;7;0.192;0.586;0.800;0.551;0.627;0.731
2026-09-29 16:15:00;P02_Usman;FCG;16;2.979;7;5;1.000;0.000;0.279;0.003;1.000;1.000
2026-09-29 16:15:26;P02_Usman;FCG;17;3.216;6;6;1.000;0.000;0.527;0.562;0.000;0.000
2026-09-29 16:16:20;P02_Usman;FCG;18;2.959;2;10;0.182;0.815;1.000;1.000;0.103;1.000
2026-09-29 16:17:12;P02_Usman;FCG;19;2.957;5;7;1.000;1.000;1.000;0.249;1.000;0.000
2026-09-29 16:30:14;P01_Usman;Vol7;1;8.730;2;10;0.431;0.814;0.806;0.053;0.298;0.840
2026-09-29 16:30:28;P01_Usman;Vol7;2;9.086;7;4;0.912;0.173;0.252;0.693;0.888;0.370
2026-09-29 16:30:45;P01_Usman;Vol7;3;7.734;3;7;0.514;0.529;0.696;0.395;0.658;0.020
2026-09-29 16:30:58;P01_Usman;Vol7;4;7.433;5;6;0.018;0.482;0.238;0.852;0.029;0.549
2026-09-29 16:31:15;P01_Usman;Vol7;5;7.747;3;8;0.141;0.672;0.393;0.894;0.225;0.960
2026-09-29 16:31:31;P01_Usman;Vol7;6;8.083;3;5;0.640;0.343;0.916;0.344;0.588;0.486
2026-09-29 16:31:44;P01_Usman;Vol7;7;7.522;1;8;0.786;0.988;0.097;0.548;0.865;0.155
2026-09-29 16:31:59;P01_Usman;Vol7;8;7.561;7;4;0.308;0.003;0.587;0.189;0.448;0.681
2026-09-29 16:32:17;P01_Usman;Vol7;9;7.729;7;4;0.318;0.600;0.042;0.253;0.965;0.587
2026-09-29 16:32:33;P01_Usman;Vol7;10;7.741;5;8;0.839;0.397;0.517;0.985;0.345;0.123
2026-09-29 16:32:48;P01_Usman;Vol7;11;7.950;7;7;0.736;0.807;0.464;0.158;0.075;0.266
2026-09-29 16:33:01;P01_Usman;Vol7;12;7.632;2;8;0.233;0.198;0.969;0.580;0.735;0.803
2026-09-29 16:33:15;P01_Usman;Vol7;13;7.745;4;7;0.106;0.883;0.626;0.663;0.511;0.707
2026-09-29 16:33:37;P01_Usman;Vol7;14;16.109;9;2;0.612;0.118;0.183;0.084;0.179;0.240
2026-09-29 16:34:00;P01_Usman;Vol7;15;7.652;1;10;0.544;0.876;0.326;0.000;1.000;1.000
2026-09-29 16:34:23;P01_Usman;Vol7;16;7.517;5;8;1.000;1.000;0.621;0.668;0.000;0.000
2026-09-29 16:34:46;P01_Usman;Vol7;17;7.709;8;6;0.731;0.571;0.327;0.000;0.095;0.328
2026-09-29 16:35:11;P01_Usman;Vol7;18;7.933;3;5;0.252;0.000;0.241;1.000;0.707;0.604
2026-09-29 16:35:30;P01_Usman;Vol7;19;7.638;6;6;1.000;0.845;0.326;0.000;0.000;0.688
2026-09-29 16:36:58;P02_Usman;Vol7;1;7.587;5;7;0.431;0.814;0.806;0.053;0.298;0.840
2026-09-29 16:37:13;P02_Usman;Vol7;2;7.785;2;7;0.912;0.173;0.252;0.693;0.888;0.370
2026-09-29 16:37:33;P02_Usman;Vol7;3;8.553;3;9;0.514;0.529;0.696;0.395;0.658;0.020
2026-09-29 16:37:47;P02_Usman;Vol7;4;7.889;7;4;0.018;0.482;0.238;0.852;0.029;0.549
2026-09-29 16:38:00;P02_Usman;Vol7;5;7.598;5;8;0.141;0.672;0.393;0.894;0.225;0.960
2026-09-29 16:38:15;P02_Usman;Vol7;6;8.058;5;6;0.640;0.343;0.916;0.344;0.588;0.486
2026-09-29 16:38:31;P02_Usman;Vol7;7;8.310;1;9;0.786;0.988;0.097;0.548;0.865;0.155
2026-09-29 16:38:49;P02_Usman;Vol7;8;7.986;6;5;0.308;0.003;0.587;0.189;0.448;0.681
2026-09-29 16:39:03;P02_Usman;Vol7;9;7.778;5;7;0.318;0.600;0.042;0.253;0.965;0.587
2026-09-29 16:39:20;P02_Usman;Vol7;10;7.580;7;4;0.839;0.397;0.517;0.985;0.345;0.123
2026-09-29 16:39:32;P02_Usman;Vol7;11;7.799;8;6;0.736;0.807;0.464;0.158;0.075;0.266
2026-09-29 16:39:46;P02_Usman;Vol7;12;7.631;3;7;0.233;0.198;0.969;0.580;0.735;0.803
2026-09-29 16:40:01;P02_Usman;Vol7;13;7.722;2;10;0.106;0.883;0.626;0.663;0.511;0.707
2026-09-29 16:40:13;P02_Usman;Vol7;14;7.751;9;1;0.612;0.118;0.183;0.084;0.179;0.240
2026-09-29 16:40:31;P02_Usman;Vol7;15;7.671;6;9;0.749;0.972;0.000;1.000;0.062;1.000
2026-09-29 16:40:49;P02_Usman;Vol7;16;7.571;3;10;1.000;1.000;1.000;1.000;0.263;0.663
2026-09-29 16:41:08;P02_Usman;Vol7;17;7.967;6;7;0.569;1.000;0.075;0.763;0.136;0.000
2026-09-29 16:41:26;P02_Usman;Vol7;18;7.712;9;4;0.669;0.537;0.246;0.244;0.000;1.000
2026-09-29 16:41:49;P02_Usman;Vol7;19;7.710;4;9;0.592;0.818;0.162;0.795;0.000;1.000
2026-09-29 17:28:15;P01_Usman;Vol6;1;6.363;9;4;0.431;0.814;0.806;0.053;0.298;0.840
2026-09-29 17:28:38;P01_Usman;Vol6;2;13.601;4;9;0.786;0.988;0.097;0.548;0.865;0.155
2026-09-29 17:28:47;P01_Usman;Vol6;3;4.400;6;6;0.576;0.885;0.516;0.256;0.530;0.559
2026-09-29 17:28:56;P01_Usman;Vol6;4;4.763;10;1;0.731;0.571;0.327;0.000;0.095;0.328
2026-09-29 17:29:11;P01_Usman;Vol6;5;4.635;4;7;0.744;1.000;0.000;0.506;0.000;0.310
2026-09-29 17:29:25;P01_Usman;Vol6;6;4.407;9;1;0.736;0.747;0.193;0.207;0.056;0.321
2026-09-29 17:29:33;P01_Usman;Vol6;7;4.614;10;1;0.731;0.571;0.327;0.000;0.095;0.328
2026-09-29 17:29:41;P01_Usman;Vol6;8;4.409;6;7;0.282;0.519;0.625;0.707;0.000;0.996
2026-09-29 17:29:49;P01_Usman;Vol6;9;4.420;10;1;0.547;0.550;0.449;0.290;0.056;0.602
2026-09-29 17:30:48;P02_Usman;Vol6;1;4.505;5;10;0.749;0.972;0.000;1.000;0.062;1.000
2026-09-29 17:30:59;P02_Usman;Vol6;2;4.314;6;8;0.106;0.883;0.626;0.663;0.511;0.707
2026-09-29 17:31:07;P02_Usman;Vol6;3;4.435;7;5;0.486;0.936;0.256;0.862;0.246;0.880
2026-09-29 17:31:17;P02_Usman;Vol6;4;4.451;5;7;0.749;0.972;0.000;1.000;0.062;1.000
2026-09-29 17:31:25;P02_Usman;Vol6;5;4.446;9;1;0.308;0.003;0.587;0.189;0.448;0.681
2026-09-29 17:31:35;P02_Usman;Vol6;6;4.465;7;3;0.568;0.575;0.240;0.668;0.220;0.869
2026-09-29 17:31:49;P02_Usman;Vol6;7;4.433;9;2;0.669;0.537;0.246;0.244;0.000;1.000
2026-09-29 17:31:58;P02_Usman;Vol6;8;4.473;10;1;0.612;0.118;0.183;0.084;0.179;0.240
2026-09-29 17:32:05;P02_Usman;Vol6;9;4.646;10;1;0.646;0.365;0.220;0.178;0.073;0.689
2026-09-30 03:20:12;P01_Usman;Vol6;1;6.266;8;3;0.431;0.814;0.806;0.053;0.298;0.840
2026-09-30 03:20:29;P01_Usman;Vol6;2;5.533;7;6;0.786;0.988;0.097;0.548;0.865;0.155
2026-09-30 03:20:46;P01_Usman;Vol6;3;6.823;9;3;0.576;0.885;0.516;0.256;0.530;0.559
2026-09-30 03:20:57;P01_Usman;Vol6;4;4.970;9;2;0.312;0.885;0.462;0.256;0.530;0.559
2026-09-30 03:21:07;P01_Usman;Vol6;5;4.465;10;1;0.731;0.571;0.327;0.000;0.095;0.328
2026-09-30 03:21:16;P01_Usman;Vol6;6;4.689;9;5;0.744;1.000;0.000;0.506;0.000;0.310
2026-09-30 03:21:27;P01_Usman;Vol6;7;4.681;8;4;0.736;0.747;0.193;0.207;0.056;0.321
2026-09-30 03:21:41;P01_Usman;Vol6;8;4.677;8;2;0.841;0.761;0.222;0.207;0.056;0.321
2026-09-30 03:21:52;P01_Usman;Vol6;9;7.596;9;1;0.731;0.571;0.327;0.000;0.095;0.328
2026-09-30 03:22:01;P01_Usman;Vol6;10;4.914;7;5;0.282;0.519;0.625;0.707;0.000;0.996
2026-09-30 03:22:11;P01_Usman;Vol6;11;4.642;9;1;0.547;0.550;0.449;0.290;0.056;0.602
2026-09-30 03:22:19;P01_Usman;Vol6;12;4.631;8;5;0.418;0.688;0.309;0.290;0.056;0.602
2026-09-30 03:22:52;P02_Usman;Vol6;1;4.650;6;9;0.749;0.972;0.000;1.000;0.062;1.000
2026-09-30 03:23:02;P02_Usman;Vol6;2;4.695;4;9;0.106;0.883;0.626;0.663;0.511;0.707
2026-09-30 03:23:13;P02_Usman;Vol6;3;6.065;3;10;0.486;0.936;0.256;0.862;0.246;0.880
2026-09-30 03:23:27;P02_Usman;Vol6;4;4.531;2;10;0.207;0.936;0.046;0.862;0.246;0.880
2026-09-30 03:23:36;P02_Usman;Vol6;5;4.798;6;9;0.749;0.972;0.000;1.000;0.062;1.000
2026-09-30 03:23:46;P02_Usman;Vol6;6;4.795;8;4;0.308;0.003;0.587;0.189;0.448;0.681
2026-09-30 03:23:55;P02_Usman;Vol6;7;4.657;9;2;0.568;0.575;0.240;0.668;0.220;0.869
2026-09-30 03:24:09;P02_Usman;Vol6;8;4.717;5;7;0.814;0.100;0.002;0.668;0.220;0.869
2026-09-30 03:24:21;P02_Usman;Vol6;9;4.718;8;3;0.669;0.537;0.246;0.244;0.000;1.000
2026-09-30 03:24:29;P02_Usman;Vol6;10;4.727;9;2;0.612;0.118;0.183;0.084;0.179;0.240
2026-09-30 03:24:41;P02_Usman;Vol6;11;5.975;10;2;0.646;0.365;0.220;0.178;0.073;0.689
2026-09-30 03:24:49;P02_Usman;Vol6;12;4.718;9;2;0.646;0.351;0.191;0.178;0.073;0.689
